split,capture_id,pose_id,frame_id,tag_id,corner_index,observed_u_px,observed_v_px,predicted_u_px,predicted_v_px,residual_u_px,residual_v_px,radial_error_px,depth_m
training,capture_001,pose_001,capture_001_005,1,0,685.247314453125,484.3975830078125,690.3360849417448,485.5455199106475,5.0887704886198435,1.1479369028349993,5.216641085865373,0.4511485829010993
training,capture_001,pose_001,capture_001_005,1,1,661.922119140625,534.7733764648438,665.3759617089481,538.1593167446731,3.4538425683231253,3.385940279829356,4.836695159438083,0.43780072381522916
training,capture_001,pose_001,capture_001_005,1,2,645.3579711914062,507.5388488769531,647.5477939437578,509.4996373962406,2.1898227523515743,1.960788519287462,2.9393902946165795,0.414897232815849
training,capture_001,pose_001,capture_001_005,1,3,671.0,454.0,674.3985210485089,454.9652248297853,3.398521048508883,0.9652248297853134,3.532931401710484,0.4282450919017192
training,capture_001,pose_001,capture_001_005,3,0,657.0466918945312,546.0263671875,652.1118901946176,544.2682478213397,-4.934801699913692,-1.7581193661602583,5.2386306916157785,0.43791693018246247
training,capture_001,pose_001,capture_001_005,3,1,600.0,525.0,600.3280055921934,527.0738512151605,0.32800559219344905,2.0738512151605164,2.099630093881521,0.45196202747173264
training,capture_001,pose_001,capture_001_005,3,2,580.56982421875,498.17022705078125,579.6159535200751,498.768348625968,-0.9538706986749048,0.5981215751867239,1.125885752860564,0.4290585364723526
training,capture_001,pose_001,capture_001_005,3,3,631.0352172851562,514.04296875,633.5567055007056,515.9537290668276,2.5214882155493115,1.9107603168275773,3.1636857950051036,0.41501343918308237
training,capture_001,pose_001,capture_001_005,5,0,607.6096801757812,433.8209533691406,608.9091221164545,432.5011402049408,1.299441940673205,-1.319813164199843,1.8521490613813314,0.44081379023930445
training,capture_001,pose_001,capture_001_005,5,1,657.6027221679688,447.27783203125,662.3281352049319,447.0322774544936,4.725413036963118,-0.24555457675637626,4.731788818202584,0.4267686929500343
training,capture_001,pose_001,capture_001_005,5,2,631.9443969726562,499.1737060546875,634.9918104276466,501.50531596313954,3.0474134549903056,2.3316099084520374,3.837073563387555,0.41342083386416406
training,capture_001,pose_001,capture_001_005,5,3,581.1455078125,483.943115234375,580.8029392190257,484.73063454324137,-0.34256859347431146,0.787519308866365,0.8588014340185542,0.42746593115343423
training,capture_002,pose_002,capture_002_003,1,0,825.9982299804688,485.0152282714844,833.3116986257191,483.05659746306543,7.313468645250396,-1.9586308084189454,7.571199262253537,0.36879841395663393
training,capture_002,pose_002,capture_002_003,1,1,786.8910522460938,544.7510375976562,792.5642683533156,544.4691478833506,5.673216107221833,-0.2818897143056347,5.680215032045228,0.36471641818173
training,capture_002,pose_002,capture_002_003,1,2,758.3773803710938,520.0219116210938,763.3640882304254,518.727396854468,4.986707859331659,-1.2945147666257526,5.151992212274031,0.3425112778721468
training,capture_002,pose_002,capture_002_003,1,3,800.017822265625,456.8953552246094,807.0659827010711,453.6835105843274,7.048160435446107,-3.2118446402819814,7.74548329783855,0.3465932736470508
training,capture_002,pose_002,capture_002_003,5,0,730.6878051757812,417.9105529785156,735.6572235728386,412.27600360617276,4.969418397057325,-5.63454937234286,7.5128733407652435,0.3659401835486812
training,capture_002,pose_002,capture_002_003,5,1,785.1114501953125,446.3727111816406,792.28828643144,442.96033328471367,7.176836236127542,-3.412377896926955,7.946779301807052,0.3461849550173432
training,capture_002,pose_002,capture_002_003,5,2,743.4065551757812,509.3417663574219,748.3579028779334,507.9539033168538,4.951347702152134,-1.3878630405680497,5.142179293546852,0.3421029592424393
training,capture_002,pose_002,capture_002_003,5,3,691.1268920898438,476.4057312011719,693.4863331820229,473.3751857792852,2.3594410921791678,-3.0305454218867,3.8407249083450457,0.3618581877737772
training,capture_003,pose_003,capture_003_002,1,0,545.9738159179688,429.73687744140625,539.5686311438418,429.7167886917172,-6.405184774126951,-0.02008874968902319,6.405216276486828,0.3529941546786229
training,capture_003,pose_003,capture_003_002,1,1,493.2218933105469,481.2312316894531,485.19936880602097,483.485068434856,-8.022524504525904,2.2538367454028503,8.33310743364363,0.35381342274527916
training,capture_003,pose_003,capture_003_002,1,2,462.0193176269531,474.7550964355469,451.2960973246147,477.21542369269906,-10.723220302338405,2.460327257152187,11.001848202223504,0.32521310233745937
training,capture_003,pose_003,capture_003_002,1,3,518.5946655273438,419.1286315917969,510.3732248996142,418.690806482093,-8.221440627729578,-0.43782510970385147,8.23309035672327,0.32439383427080304
training,capture_003,pose_003,capture_003_002,5,0,455.8860778808594,352.35101318359375,445.9633574957469,349.4077376935958,-9.922720385112484,-2.9432754899979727,10.350036253615233,0.33014980548807893
training,capture_003,pose_003,capture_003_002,5,1,504.2486572265625,406.4628601074219,496.3287667309257,406.7838042903254,-7.919890495636821,0.3209441829035313,7.926390769538054,0.3211303558150111
training,capture_003,pose_003,capture_003_002,5,2,446.4490051269531,463.6453552246094,436.68853628661947,465.93196269860454,-9.760468840333658,2.2866074739951614,10.02473569343625,0.32194962388166737
training,capture_003,pose_003,capture_003_002,5,3,399.4721984863281,408.40185546875,388.0730936637661,407.08603834858076,-11.399104822562037,-1.3158171201692426,11.474796967680414,0.3309690735547352
training,capture_004,pose_004,capture_004_005,1,0,728.0809936523438,473.9668884277344,725.3800120967318,471.4488069148982,-2.7009815556119747,-2.5180815128361473,3.692700349208322,0.4108814245969694
training,capture_004,pose_004,capture_004_005,1,1,678.4169311523438,509.5534973144531,673.7402243316405,508.2895794025811,-4.6767068207032025,-1.2639179118719994,4.844489155190951,0.40031991943013856
training,capture_004,pose_004,capture_004_005,1,2,667.7127685546875,465.5131530761719,661.7937271899112,462.62743899272465,-5.9190413647762625,-2.885714083447226,6.585013018160109,0.38089818381900636
training,capture_004,pose_004,capture_004_005,1,3,719.734619140625,428.8731384277344,716.3178663404585,425.1908176407497,-3.4167528001664778,-3.6823207869846897,5.023314252135238,0.39145968898583716
training,capture_004,pose_004,capture_004_005,3,0,668.0,518.0,658.1616315625735,508.3610789581053,-9.838368437426539,-9.638921041894719,13.773245527559272,0.40193955513211255
training,capture_004,pose_004,capture_004_005,3,1,627.5706787109375,476.9737548828125,620.1809442220572,472.91451569061223,-7.389734488880322,-4.059239192200266,8.431227587702871,0.4222188745107871
training,capture_004,pose_004,capture_004_005,3,2,615.0,435.0,606.3014681727318,428.0292130406657,-8.698531827268198,-6.970786959334305,11.147032196168764,0.4027971388996549
training,capture_004,pose_004,capture_004_005,3,3,651.4714965820312,466.1937255859375,645.4747392752672,462.8959089231047,-5.996757306764039,-3.2978166628328154,6.843733844757966,0.38251781952098035
training,capture_004,pose_004,capture_004_005,5,0,670.663818359375,386.3540344238281,666.0477205194613,379.8851364796457,-4.616097839913664,-6.468897944182402,7.947012009548174,0.4118819389924355
training,capture_004,pose_004,capture_004_005,5,1,710.1671752929688,415.6730041503906,707.4061966058536,411.44979605794737,-2.7609786871151982,-4.223208092443258,5.04564068308303,0.3916026196137609
training,capture_004,pose_004,capture_004_005,5,2,658.1450805664062,450.6260070800781,652.6555006003416,448.49150802997303,-5.489579966064639,-2.1344990501050916,5.88995538172555,0.3810411144469301
training,capture_004,pose_004,capture_004_005,5,3,620.4696655273438,419.0755310058594,612.9752323370639,414.22439193257384,-7.494433190279892,-4.8511390732855375,8.927490081312133,0.40132043382560467
training,capture_005,pose_005,capture_005_000,1,0,870.3721923828125,571.027587890625,866.781667669558,563.5152042748073,-3.5905247132544673,-7.5123836158177255,8.32633024253168,0.3716322835855177
training,capture_005,pose_005,capture_005_000,1,1,807.6341552734375,598.1793212890625,801.8994700947019,591.8047221027585,-5.734685178735617,-6.3745991863039535,8.574504585411159,0.36572643262619065
training,capture_005,pose_005,capture_005_000,1,2,807.500732421875,555.8870849609375,801.4248047212776,548.359880216729,-6.07592770059739,-7.527204744208461,9.673453813613888,0.345225877203026
training,capture_005,pose_005,capture_005_000,1,3,874.0270385742188,527.612060546875,870.1030830356525,519.1494200726606,-3.923955538566247,-8.462640474214368,9.328114003615946,0.3511317281623531
training,capture_005,pose_005,capture_005_000,5,0,828.6397094726562,460.3516540527344,824.5126175514948,450.29504146234024,-4.127091921161423,-10.056612590394138,10.870526414069825,0.3723216298558064
training,capture_005,pose_005,capture_005_000,5,1,866.9285888671875,509.84490966796875,863.7011071236317,502.0162808464635,-3.2274817435558134,-7.828628821505276,8.467825436904635,0.3512302062009658
training,capture_005,pose_005,capture_005_000,5,2,800.8245849609375,537.6764526367188,794.9329254677558,530.9253942885756,-5.891659493181692,-6.751058348143147,8.96038171082188,0.3453243552416387
training,capture_005,pose_005,capture_005_000,5,3,765.5195922851562,485.51458740234375,759.0711962174972,476.7064669143664,-6.448396067659019,-8.808120487977362,10.91626302248745,0.3664157788964793
training,capture_006,pose_006,capture_006_000,1,0,892.2515258789062,347.2480773925781,893.9531897732272,347.85076163147727,1.7016638943209728,0.602684238899144,1.805239125726301,0.27065189094940134
training,capture_006,pose_006,capture_006_000,1,1,817.85400390625,411.7977294921875,817.4084212194732,413.3134764217783,-0.44558268677678825,1.5157469295908186,1.5798837569008726,0.27187024925621284
training,capture_006,pose_006,capture_006_000,1,2,802.6093139648438,384.7956237792969,802.0622354985662,385.62407761873624,-0.5470784662775259,0.8284538394393621,0.9927893091418695,0.24467788765040363
training,capture_006,pose_006,capture_006_000,1,3,886.0,310.0,887.0796067812305,312.711165967345,1.0796067812304955,2.711165967344982,2.9182137866456124,0.2434595293435921
training,capture_006,pose_006,capture_006_000,5,0,798.7295532226562,225.29617309570312,799.6529863702706,222.63035812925332,0.9234331476143325,-2.665814966449801,2.8212228223698794,0.25364278856263656
training,capture_006,pose_006,capture_006_000,5,1,869.769287109375,292.99237060546875,872.8338909682947,293.5321714844883,3.064603858919668,0.5398008790195377,3.11178113001149,0.24102965757405428
training,capture_006,pose_006,capture_006_000,5,2,787.0836181640625,365.68988037109375,787.0353990497613,367.2728955419866,-0.048219114301218724,1.5830151708928497,1.5837493849283453,0.2422480158808658
training,capture_006,pose_006,capture_006_000,5,3,720.6022338867188,294.54315185546875,718.4505193641115,293.06058308233946,-2.1517145226072216,-1.4825687731292874,2.6130223025946226,0.2548611468694481
training,capture_007,pose_007,capture_007_002,5,0,1061.6781005859375,454.62579345703125,1065.5437395453748,447.12905662760926,3.8656389594373195,-7.496736829421991,8.434703768024798,0.2258783773863868
training,capture_007,pose_007,capture_007_002,5,1,1114.3865966796875,568.6170654296875,1118.4623031867905,564.0464462246953,4.07570650710295,-4.5706192049922265,6.123883036855383,0.21380441386653518
training,capture_007,pose_007,capture_007_002,5,2,992.0679321289062,605.354736328125,991.9839795331598,599.6174399348671,-0.08395259574649572,-5.737296393257907,5.737910590312711,0.21915980597742984
training,capture_007,pose_007,capture_007_002,5,3,945.7691040039062,491.0841979980469,946.8951300724501,483.5505125599759,1.1260260685438652,-7.533685438070961,7.617371658705042,0.23123376949728153
training,capture_009,pose_009,capture_009_003,1,0,911.3597412109375,417.1572265625,912.5128862677277,408.6918047694419,1.1531450567902084,-8.465421793058113,8.543600508941351,0.22141984857498992
training,capture_009,pose_009,capture_009_003,1,1,821.2545776367188,494.3043518066406,820.6385353506175,488.1629317859188,-0.6160422861012194,-6.141420020721853,6.172240109489262,0.22732812621485107
training,capture_009,pose_009,capture_009_003,1,2,772.6272583007812,464.7894287109375,770.5497530847961,459.2042417032538,-2.077505215985184,-5.5851870076837145,5.95905544807603,0.20362737788379695
training,capture_009,pose_009,capture_009_003,1,3,870.5335693359375,377.806640625,871.9403947121866,369.3414976929559,1.4068253762491167,-8.465142932044103,8.581247141249033,0.1977191002439358
training,capture_009,pose_009,capture_009_003,5,0,776.2515258789062,276.81158447265625,774.6968431872128,263.96788220426595,-1.554682691693415,-12.843702268390302,12.937454395316928,0.21408930771127938
training,capture_009,pose_009,capture_009_003,5,1,847.9114990234375,355.4076843261719,850.2927654994821,346.62614095178685,2.3812664760446296,-8.781543374385024,9.098677599856998,0.19667188012054856
training,capture_009,pose_009,capture_009_003,5,2,750.7933959960938,442.96807861328125,749.0093499876117,437.6159188765105,-1.7840460084820506,-5.352159736770773,5.64166943451058,0.2025801577604097
training,capture_009,pose_009,capture_009_003,5,3,688.8796997070312,359.0686340332031,683.4623482112364,349.9737875794674,-5.417351495794833,-9.094846453735727,10.586025186349211,0.21999758535114053
training,capture_010,pose_010,capture_010_005,1,0,935.3695678710938,612.7640380859375,930.9284120619654,610.7575496204299,-4.441155809128304,-2.006488465507573,4.873382899297881,0.4152549111914803
training,capture_010,pose_010,capture_010_005,1,1,893.0,636.0,884.5948652459922,636.2575290310958,-8.405134754007804,0.25752903109582803,8.409079107422345,0.40044964062472055
training,capture_010,pose_010,capture_010_005,1,2,918.0,606.0,913.3034405510175,602.9153264749294,-4.696559448982498,-3.0846735250705706,5.618975121327561,0.37928871959767496
training,capture_010,pose_010,capture_010_005,1,3,960.0,584.0,961.0463524270031,577.2987182358324,1.0463524270030575,-6.701281764167561,6.782479685502927,0.3940939901644347
training,capture_010,pose_010,capture_010_005,3,0,875.292724609375,632.9990844726562,869.4098231740938,631.0804400042649,-5.8829014352811555,-1.918644468391335,6.1878692530888,0.4005262576098076
training,capture_010,pose_010,capture_010_005,3,1,834.3176879882812,578.6219482421875,828.4757796274857,575.8812860475489,-5.8419083607955145,-2.7406621946386167,6.452838333714389,0.4157912300870896
training,capture_010,pose_010,capture_010_005,3,2,857.3422241210938,544.3912353515625,853.0590592370534,540.5977867670599,-4.283164884040389,-3.7934485845025847,5.721516720865314,0.39463030906004404
training,capture_010,pose_010,capture_010_005,3,3,902.086669921875,600.2800903320312,897.2655819211379,597.4561943021049,-4.821088000737063,-2.8238960299263454,5.587242459271359,0.379365336582762
training,capture_010,pose_010,capture_010_005,5,0,916.697021484375,512.27392578125,913.53082407699,508.4054060625857,-3.1661974073849706,-3.868519718664288,4.999024988557842,0.40837630455008944
training,capture_010,pose_010,capture_010_005,5,1,961.4788208007812,563.9439086914062,958.5397585430627,562.0255675458884,-2.939062257718547,-1.918341145517843,3.50971789540589,0.39311133207280746
training,capture_010,pose_010,capture_010_005,5,2,916.1930541992188,589.0764770507812,910.5747361383931,587.1109901090136,-5.618318060825686,-1.9654869417676082,5.952195960387988,0.3783060615060477
training,capture_010,pose_010,capture_010_005,5,3,871.04052734375,534.2041015625,865.7330276328328,530.5007984100964,-5.307499710917227,-3.7033031524035778,6.471785489336674,0.3935710339833297
training,capture_011,pose_011,capture_011_004,3,0,980.1895751953125,672.08447265625,977.8331448091267,673.169477023765,-2.3564303861858207,1.0850043675150118,2.5942240925692035,0.35515869302636216
training,capture_011,pose_011,capture_011_004,3,1,945.531982421875,602.0025024414062,943.933895474612,600.4559165256273,-1.5980869472630275,-1.5465859157789055,2.223917688651749,0.3696445747442452
training,capture_011,pose_011,capture_011_004,3,2,971.707763671875,577.6328735351562,971.3324551085991,576.4288427343891,-0.3753085632758939,-1.2040308007671001,1.2611687781038985,0.3441476495522408
training,capture_011,pose_011,capture_011_004,3,3,1009.8804321289062,651.7349243164062,1009.0575011884591,653.7104757554382,-0.8229309404471223,1.9755514390319604,2.1400978531381307,0.3296617678343578
training,capture_011,pose_011,capture_011_004,5,0,1054.46240234375,550.1564331054688,1056.549106690766,548.6691644516636,2.0867043470159388,-1.4872686538051312,2.5624798692763506,0.3472828981432486
training,capture_011,pose_011,capture_011_004,5,1,1094.6060791015625,620.7586669921875,1097.628031809671,624.014420295742,3.021952708108529,3.2557533035544566,4.442085967611414,0.3327970164253656
training,capture_011,pose_011,capture_011_004,5,2,1028.68798828125,643.6425170898438,1026.808400444059,646.3617655446155,-1.8795878371909112,2.719248454771787,3.305625900868814,0.32646724260564397
training,capture_011,pose_011,capture_011_004,5,3,990.0256958007812,570.2412109375,987.9757210518236,568.6682706883432,-2.049974748957652,-1.5729402491567726,2.583899668869006,0.34095312432352703
training,capture_012,pose_012,capture_012_002,1,0,575.486572265625,318.49664306640625,577.514438633248,318.2907707953084,2.0278663676230053,-0.20587227109786,2.038289821625843,0.4305162532484091
training,capture_012,pose_012,capture_012_002,1,1,552.6808471679688,368.2767028808594,551.3947889330257,368.2214909753799,-1.2860582349430842,-0.055211905479495726,1.28724284351151,0.41567446600656743
training,capture_012,pose_012,capture_012_002,1,2,543.0050048828125,331.81109619140625,542.2354631661567,330.48110845304626,-0.7695417166557945,-1.3299877383599892,1.536574709495593,0.39048751109463864
training,capture_012,pose_012,capture_012_002,1,3,568.0,280.0,570.3135580290734,278.82964399681254,2.3135580290734197,-1.1703560031874645,2.5927367641330314,0.40532929833648024
training,capture_012,pose_012,capture_012_002,3,0,537.3935546875,373.6859130859375,536.9538205320738,373.7837536335242,-0.4397341554262084,0.09784054758671346,0.4504874029320562,0.4143230678627859
training,capture_012,pose_012,capture_012_002,3,1,481.3011779785156,356.301513671875,478.6310314638821,355.48217712437304,-2.6701465146335295,-0.8193365475019618,2.7930260986396136,0.42105646624193827
training,capture_012,pose_012,capture_012_002,3,2,467.8190002441406,319.6859436035156,464.9666808488679,317.4443587738534,-2.8523193952727297,-2.2415848296622016,3.62773048629866,0.3958695113300094
training,capture_012,pose_012,capture_012_002,3,3,526.9970092773438,337.5110168457031,526.8279899785196,336.2723248703705,-0.16901929882419608,-1.2386919753326424,1.2501701216748489,0.38913611295085704
training,capture_012,pose_012,capture_012_002,5,0,498.6702575683594,256.4326477050781,498.35824146375364,251.74847656287665,-0.3120161046057319,-4.684171142201478,4.694551452371828,0.4089871039601698
training,capture_012,pose_012,capture_012_002,5,1,556.4664916992188,272.1195068359375,558.7611854758927,268.86276264466466,2.2946937766739666,-3.256744191272844,3.9839681545032013,0.4022537055810175
training,capture_012,pose_012,capture_012_002,5,2,530.0338134765625,321.1785888671875,530.0176112394305,320.5424465151184,-0.016202237132006303,-0.6361423520691005,0.6363486501785709,0.3874119183391759
training,capture_012,pose_012,capture_012_002,5,3,470.6688537597656,304.5185852050781,467.8311988520054,301.9008392477271,-2.837654907760225,-2.617745957351019,3.8606837830575165,0.3941453167183282
training,capture_014,pose_014,capture_014_002,5,0,491.5855712890625,107.8786392211914,493.7544513333688,108.61821447868851,2.16888004430632,0.7395752574971084,2.2915087187466905,0.24163939386576272
training,capture_014,pose_014,capture_014_002,5,1,595.4732666015625,145.0868377685547,598.1699114291802,147.07285286383495,2.6966448276176607,1.9860150952802655,3.349051997953774,0.251285499760645
training,capture_014,pose_014,capture_014_002,5,2,567.820068359375,247.08770751953125,568.1883991513037,250.90973192379232,0.36833079192865625,3.8220244042610716,3.8397315165321118,0.25119189436495265
training,capture_014,pose_014,capture_014_002,5,3,463.4688720703125,214.7609100341797,462.5351667280447,216.58690629301273,-0.9337053422677855,1.8259962588330438,2.050870060109044,0.24154578847007038
training,capture_015,pose_015,capture_015_003,5,0,101.43427276611328,186.24705505371094,93.30597640661915,186.15026080651603,-8.12829635949413,-0.09679424719490726,8.128872666861964,0.2364626110010996
training,capture_015,pose_015,capture_015_003,5,1,222.83477783203125,196.54957580566406,219.72302290230823,197.1586834075252,-3.11175492972302,0.6091076018611261,3.1708091732711585,0.25252560174651745
training,capture_015,pose_015,capture_015_003,5,2,225.9357147216797,301.1326599121094,221.54969097677957,303.886081605687,-4.386023744900115,2.75342169357765,5.178661536873369,0.250570686284797
training,capture_015,pose_015,capture_015_003,5,3,103.67574310302734,298.040771484375,94.20392064563873,300.0963588861217,-9.471822457388612,2.0555874017467204,9.692309334235627,0.23450769553937917
training,capture_016,pose_016,capture_016_005,0,0,604.9644775390625,478.7485656738281,595.370323011241,460.33480893323417,-9.594154527821502,-18.413756740593954,20.763290644921558,0.18581131769171266
training,capture_016,pose_016,capture_016_005,0,1,695.8014526367188,387.43499755859375,689.1377012802615,363.87745360617885,-6.663751356457283,-23.557543952414903,24.481900645387938,0.1731538637220526
training,capture_016,pose_016,capture_016_005,0,2,693.7339477539062,484.3454895019531,691.9623878868637,460.01092910771024,-1.7715598670425834,-24.334560394242885,24.398960099634788,0.14766681388886593
training,capture_016,pose_016,capture_016_005,0,3,587.7537841796875,584.6455078125,583.0656270498092,564.21264152729,-4.688157129878277,-20.432866285210025,20.963798365365495,0.16032426785852605
training,capture_016,pose_016,capture_016_005,2,0,732.0914306640625,386.3834533691406,726.1039877163996,360.7412527112556,-5.987442947662885,-25.64220065788504,26.331956395808458,0.1726271752765992
training,capture_016,pose_016,capture_016_005,2,1,842.515380859375,465.3043518066406,838.7422814234848,441.4788410852884,-3.773099435890231,-23.825510721352202,24.12242194487079,0.18212449857353907
training,capture_016,pose_016,capture_016_005,2,2,865.6093139648438,570.3760375976562,865.7479042476073,544.7335518536486,0.13859028276351637,-25.642485744007672,25.642860261642287,0.1566374487403525
training,capture_016,pose_016,capture_016_005,2,3,737.4920043945312,482.9820861816406,735.3419440650229,456.67559750225087,-2.150060329508392,-26.30648867938976,26.394205918333427,0.1471401254434126
training,capture_016,pose_016,capture_016_005,5,0,715.8798828125,522.9544067382812,716.4765010751298,494.9614915998118,0.5966182626298178,-27.99291513846947,27.99927233520287,0.14500185946615818
training,capture_016,pose_016,capture_016_005,5,1,850.3573608398438,610.6956176757812,849.8469678066383,581.8846685174055,-0.510393033205446,-28.810949158375706,28.815469672640326,0.15449918276309804
training,capture_016,pose_016,capture_016_005,5,2,735.01171875,696.4508056640625,733.4459044894417,672.5986976039551,-1.5658142605583407,-23.852108060107412,23.903448144767918,0.16715663673275816
training,capture_016,pose_016,capture_016_005,5,3,606.60888671875,620.4918212890625,603.7709505724829,598.1185951218762,-2.8379361462671113,-22.373226167186317,22.552497216458313,0.15765931343581827
training,capture_020,pose_020,capture_020_002,3,0,934.4343872070312,664.5213623046875,930.480323008427,658.2916051495689,-3.9540641986042147,-6.229757155118591,7.378651495933038,0.3650526726712089
training,capture_020,pose_020,capture_020_002,3,1,907.3486328125,593.0972290039062,904.3951119096695,585.5191011015967,-2.953520902830519,-7.578127902309575,8.133345451117869,0.3700620758621825
training,capture_020,pose_020,capture_020_002,3,2,938.35791015625,593.8890991210938,937.7252780119695,586.3383041750253,-0.6326321442804783,-7.550794946068436,7.57725067208084,0.34114974645086876
training,capture_020,pose_020,capture_020_002,3,3,968.8666381835938,671.1621704101562,966.5508577542115,665.3823741622911,-2.3157804293822437,-5.7797962478651925,6.226466386639084,0.33614034325989517
training,capture_020,pose_020,capture_020_002,5,0,1024.065185546875,565.7232666015625,1024.419608030653,557.1577734024174,0.3544224837780803,-8.565493199145067,8.572822699765103,0.3436152759618248
training,capture_020,pose_020,capture_020_002,5,1,1053.5352783203125,639.6463012695312,1054.3178701009886,635.194588174659,0.7825917806760572,-4.451713094872275,4.519977806830362,0.3386058727708512
training,capture_020,pose_020,capture_020_002,5,2,987.9987182617188,666.5986938476562,984.9843048400817,662.101419668237,-3.014413421637073,-4.497274179419264,5.4140708640926505,0.3323622289884155
training,capture_020,pose_020,capture_020_002,5,3,958.2301635742188,590.1057739257812,955.5622110946902,582.2208777370804,-2.6679524795285943,-7.88489618870085,8.324034979480322,0.3373716321793891
training,capture_022,pose_022,capture_022_002,3,0,851.3583374023438,579.9676513671875,866.4257629747437,584.7593738153083,15.067425572399998,4.791722448120822,15.811006210853199,0.16154426321654242
training,capture_022,pose_022,capture_022_002,3,1,786.6690063476562,428.87200927734375,803.9105778350988,431.7160732383794,17.24157148744257,2.8440639610356584,17.47456686647925,0.17171165918371153
training,capture_022,pose_022,capture_022_002,3,2,796.3306884765625,376.9477233886719,819.364907787152,381.13172258681885,23.034219310589492,4.183999198146978,23.4111321498647,0.14350989846459813
training,capture_022,pose_022,capture_022_002,3,3,876.6527099609375,554.4769287109375,896.2803670230938,562.6864081198734,19.627657062156345,8.209479408935863,21.27534897282199,0.13334250249742907
training,capture_023,pose_023,capture_023_003,1,0,1107.5958251953125,504.2821350097656,1116.0458840637184,520.7889172386244,8.450058868405904,16.50678222885881,18.54393039327139,0.22494126161292982
training,capture_023,pose_023,capture_023_003,1,1,1006.0260620117188,527.4246826171875,1011.8209016516183,540.645864281505,5.794839639899578,13.221181664317555,14.435366675392704,0.21749490876439218
training,capture_023,pose_023,capture_023_003,1,2,1071.948974609375,468.6307678222656,1078.7879532847637,486.14981374211027,6.8389786753887165,17.519045919844643,18.80661052034754,0.19269997642264147
training,capture_023,pose_023,capture_023_003,1,3,1180.0,447.0,1193.4332671570317,465.86040891901916,13.43326715703165,18.860408919019164,23.155295098633548,0.20014632927117906
training,capture_023,pose_023,capture_023_003,3,0,978.3584594726562,511.6061096191406,985.0139795524831,524.8605932356339,6.655520079826829,13.254483616493303,14.831631180449017,0.21878017336868952
training,capture_023,pose_023,capture_023_003,3,1,927.4340209960938,409.2012939453125,936.5477359170168,418.21529235922554,9.11371492092303,9.013998413913043,12.81842295549191,0.2339381138430111
training,capture_023,pose_023,capture_023_003,3,2,977.1676635742188,343.8748779296875,989.3257234183479,353.48908276313745,12.158059844129184,9.614204833449946,15.50004366938877,0.20914318150126032
training,capture_023,pose_023,capture_023_003,3,3,1038.762939453125,452.48614501953125,1048.1109109801816,468.70795850949827,9.347971527056643,16.22181348996702,18.722494614071536,0.19398524102693876
training,capture_023,pose_023,capture_023_003,5,0,1112.55908203125,311.5806579589844,1127.862925864058,324.9028001885367,15.30384383280807,13.322142229552298,20.29007416554701,0.21369810443426246
training,capture_023,pose_023,capture_023_003,5,1,1180.6041259765625,415.1749267578125,1195.876355372819,435.2958399428759,15.272229396256535,20.120913185063387,25.260485706588064,0.19854016395994087
training,capture_023,pose_023,capture_023_003,5,2,1071.71142578125,436.022705078125,1080.3626343638803,454.56476992215516,8.651208582630261,18.542064844030165,20.460976971307964,0.19109381111140322
training,capture_023,pose_023,capture_023_003,5,3,1008.1903686523438,327.33221435546875,1018.3830838544075,338.7700654008618,10.19271520206371,11.437851045393074,15.320439932553507,0.20625175158572484
training,capture_024,pose_024,capture_024_003,1,0,1147.0,699.0,1145.477918715978,712.5207515602078,-1.5220812840220788,13.520751560207827,13.606155011171698,0.2881535993071766
training,capture_024,pose_024,capture_024_003,1,1,1083.401611328125,691.6649169921875,1081.7580442252952,701.5795444904677,-1.6435671028298202,9.914627498280197,10.04993289784356,0.2757997320296748
training,capture_024,pose_024,capture_024_003,1,2,1167.5531005859375,654.9415893554688,1166.3627595251933,665.9033674139632,-1.190341060744231,10.961778058494474,11.026218302055542,0.25613581498425686
training,capture_024,pose_024,capture_024_003,1,3,1229.0,665.0,1230.856544210536,679.2874458046522,1.856544210535958,14.28744580465218,14.407562737206726,0.26848968226175873
training,capture_024,pose_024,capture_024_003,3,0,1068.3580322265625,673.0065307617188,1064.7784544866254,683.2612912567961,-3.579577739937122,10.254760495077335,10.861560182941128,0.2769061588535514
training,capture_024,pose_024,capture_024_003,3,1,1033.87646484375,585.12060546875,1032.5818728346435,592.2369751294907,-1.294592009106509,7.116369660740702,7.233165670600471,0.2958985870743133
training,capture_024,pose_024,capture_024_003,3,2,1105.6124267578125,543.8435668945312,1107.5301099543638,551.3729883486878,1.917683196551252,7.529421454156591,7.769793837461106,0.2762346700288954
training,capture_024,pose_024,capture_024_003,3,3,1147.5037841796875,635.2066040039062,1147.7213347491831,646.3382912228385,0.21755056949564278,11.131687218932257,11.133812850521048,0.25724224180813354
training,capture_024,pose_024,capture_024_003,5,0,1190.210693359375,554.3992309570312,1193.6421269143307,564.6932426128178,3.4314335549556745,10.294011655786562,10.850871495485759,0.28737019567841127
training,capture_024,pose_024,capture_024_003,5,1,1235.94287109375,641.6417236328125,1238.2596717345466,656.6608881154341,2.3168006407966004,15.01916448262159,15.196804498487088,0.26837776745764935
training,capture_024,pose_024,capture_024_003,5,2,1176.76904296875,629.8417358398438,1174.0949166653118,642.1791646730416,-2.6741263034382428,12.337428833197805,12.623909921294622,0.2560239001801475
training,capture_024,pose_024,capture_024_003,5,3,1132.9610595703125,539.2994384765625,1131.9043014818892,547.0803851087568,-1.0567580884232939,7.780946632194286,7.85237977625278,0.27501632840090945
training,capture_025,pose_025,capture_025_005,1,0,734.7913818359375,408.6143798828125,736.665788332405,408.3574209398381,1.8744064964674862,-0.2569589429743928,1.8919375286657945,0.466540483621659
training,capture_025,pose_025,capture_025_005,1,1,706.7145385742188,439.68011474609375,706.237423820781,441.6393165995201,-0.4771147534377178,1.9592018534263502,2.016459865808685,0.4472064819858908
training,capture_025,pose_025,capture_025_005,1,2,715.5636596679688,398.762939453125,714.9342970786358,398.5155729661083,-0.6293625893329136,-0.24736648701667718,0.6762303215257369,0.42697425046999626
training,capture_025,pose_025,capture_025_005,1,3,744.0,367.0,746.3653057303679,365.59304218690414,2.365305730367936,-1.4069578130958575,2.752126720545926,0.44630825210576436
training,capture_025,pose_025,capture_025_005,3,0,692.9576416015625,441.3535461425781,692.3620517034421,442.675429984551,-0.5955898981203518,1.3218838419728627,1.4498635171670289,0.445785792603004
training,capture_025,pose_025,capture_025_005,3,1,645.52294921875,415.0134582519531,642.5004129716999,414.71361308684664,-3.022536247050084,-0.29984516510648973,3.037372629061068,0.45659565794145085
training,capture_025,pose_025,capture_025_005,3,2,650.1707153320312,374.2725830078125,648.0549549756662,371.26933239214634,-2.115760356365058,-3.003250615666161,3.6736842741402223,0.43636342642555626
training,capture_025,pose_025,capture_025_005,3,3,700.595458984375,399.9161682128906,700.4282777053795,399.45698015541444,-0.16718127899548563,-0.4591880574761831,0.4886749964703707,0.4255535610871094
training,capture_025,pose_025,capture_025_005,5,0,688.327392578125,331.3092346191406,688.2201309088459,327.7304625701858,-0.10726166927906888,-3.578772048954818,3.5803790922298715,0.4555477230813033
training,capture_025,pose_025,capture_025_005,5,1,736.49560546875,355.0494079589844,739.3105288615748,353.6439402827751,2.814923392824767,-1.4054676762092981,3.1462887814600333,0.4447378577428564
training,capture_025,pose_025,capture_025_005,5,2,708.2410278320312,385.18231201171875,707.4428618588153,386.1449360983494,-0.7981659732159869,0.9626240866306262,1.250485526889964,0.4254038561070883
training,capture_025,pose_025,capture_025_005,5,3,658.1550903320312,359.82696533203125,654.8777357693647,358.2775019494725,-3.2773545626665737,-1.5494633825587698,3.6251744376404664,0.4362137214455352
training,capture_027,pose_027,capture_027_004,3,0,352.91595458984375,256.1601257324219,355.31068897381266,260.83310922546895,2.3947343839689097,4.67298349304707,5.25085969114138,0.4001391959659789
training,capture_027,pose_027,capture_027_004,3,1,282.5917053222656,248.330810546875,284.33448153893124,252.25822598950583,1.742776216665618,3.9274154426308314,4.296726777488936,0.3954525140226761
training,capture_027,pose_027,capture_027_004,3,2,271.1372985839844,205.3028564453125,272.9771168460998,207.47593357872614,1.8398182621154433,2.173077133413642,2.8473137279510916,0.3701207406848469
training,capture_027,pose_027,capture_027_004,3,3,344.8072509765625,213.8269805908203,348.89234481095923,217.19032829169876,4.08509383439673,3.3633477008784496,5.29151201386055,0.3748074226281497
training,capture_027,pose_027,capture_027_004,5,0,285.4576721191406,136.4720001220703,289.6953003900486,136.42069105718653,4.237628270907976,-0.05130906488378173,4.2379388837662315,0.38383421616696606
training,capture_027,pose_027,capture_027_004,5,1,355.4088134765625,144.7505340576172,362.7293077261064,146.64933148861186,7.320494249543913,1.8987974309946765,7.562742078211942,0.3885208981102688
training,capture_027,pose_027,capture_027_004,5,2,344.8981628417969,194.68331909179688,349.96726135149595,200.01220406538673,5.069098509699074,5.328884973589851,7.354779042417595,0.3731476657916197
training,capture_027,pose_027,capture_027_004,5,3,272.2491760253906,186.36578369140625,273.7237407532972,190.03555108924735,1.474564727906568,3.669767397841099,3.9549379124132407,0.3684609838483169
training,capture_028,pose_028,capture_028_003,3,0,514.8408203125,243.10525512695312,516.7065995361659,251.35623251247375,1.865779223665868,8.250977385520628,8.459300203198609,0.43575629985818815
training,capture_028,pose_028,capture_028_003,3,1,471.26495361328125,201.3602752685547,472.50314834391384,206.89451843977284,1.2381947306325856,5.534243171218151,5.6710645975108624,0.4213914087784029
training,capture_028,pose_028,capture_028_003,3,2,512.2720947265625,172.3367156982422,517.1337417208046,177.10046991095285,4.861646994242051,4.763754212710666,6.806538451793347,0.4054566661629169
training,capture_028,pose_028,capture_028_003,3,3,557.1683959960938,216.22711181640625,561.4878688459339,224.2692251356097,4.319472849840167,8.042113319203452,9.128714714537633,0.4198215572427022
training,capture_028,pose_028,capture_028_003,5,0,539.2235107421875,126.60441589355469,544.5231228778864,131.576451253491,5.299612135698908,4.972035359936314,7.266844185016228,0.4272656805041161
training,capture_028,pose_028,capture_028_003,5,1,579.7493286132812,169.68336486816406,585.7960202168913,177.89663186910627,6.046691603610043,8.21326700094221,10.199031041130056,0.4416305715839014
training,capture_028,pose_028,capture_028_003,5,2,567.506591796875,203.68875122070312,571.7604642461065,213.30589802654143,4.253872449231494,9.617146805838303,10.515937594878386,0.4206607389178041
training,capture_028,pose_028,capture_028_003,5,3,524.41455078125,159.34188842773438,527.8611433556753,165.8469507031978,3.4465925744252672,6.505062275463416,7.3617141741404675,0.40629584783801886
training,capture_029,pose_029,capture_029_002,3,0,205.20773315429688,209.71231079101562,208.7465460607928,215.96646959814913,3.5388129064959344,6.254158807133507,7.185937598673385,0.38038746936971585
training,capture_029,pose_029,capture_029_002,3,1,126.54425048828125,199.42791748046875,126.46277610329741,203.7331843386641,-0.08147438498383508,4.305266858195353,4.306037714150188,0.3642146058937548
training,capture_029,pose_029,capture_029_002,3,2,132.15673828125,143.48812866210938,133.8003534890206,145.45199486638654,1.6436152077706083,1.963866204277167,2.56090636680001,0.3453075206626567
training,capture_029,pose_029,capture_029_002,3,3,213.7455596923828,156.70677185058594,220.05965483764066,160.93267483694672,6.314095145257852,4.225902986360779,7.59776635291595,0.3614803841386178
training,capture_029,pose_029,capture_029_002,5,0,134.4486541748047,78.4465103149414,137.54232620437222,79.70666307355975,3.0936720295675286,1.2601527586183465,3.340477750499455,0.36171186624579604
training,capture_029,pose_029,capture_029_002,5,1,212.4344024658203,93.50904846191406,219.89687648240636,97.3291068877237,7.462474016586043,3.820058425809634,8.38339816690231,0.37788472972175713
training,capture_029,pose_029,capture_029_002,5,2,215.05075073242188,135.4342041015625,221.73769612497307,143.14332578107343,6.686945392551195,7.709121679510929,10.205184748571044,0.3611228499031951
training,capture_029,pose_029,capture_029_002,5,3,133.72703552246094,121.924560546875,135.4676630156505,126.81255275870282,1.7406274931895496,4.887992211827822,5.188665717979601,0.344949986427234
training,capture_031,pose_031,capture_031_001,3,0,154.4026336669922,188.29974365234375,156.8613649652758,194.2727399954031,2.458731298283624,5.97299634305935,6.45926039971759,0.3326533466395856
training,capture_031,pose_031,capture_031_001,3,1,60.54983139038086,183.23687744140625,59.265298200529855,187.21446974875954,-1.284533189851004,3.977592307353291,4.1798643613573,0.31639137751046875
training,capture_031,pose_031,capture_031_001,3,2,43.55004119873047,119.601806640625,57.37696659317078,127.5569494075281,13.826925394440309,7.955142766903094,15.9520582466724,0.2943710295947607
training,capture_031,pose_031,capture_031_001,3,3,156.63844299316406,133.65634155273438,161.99034106387143,138.23870564969363,5.351898070707364,4.582364096959253,7.04562798310714,0.3106329987238776
training,capture_031,pose_031,capture_031_001,5,0,53.64158630371094,38.86246109008789,55.17317674408696,38.56237831660849,1.5315904403760214,-0.30008277347940293,1.5607110392351,0.30502071249724166
training,capture_031,pose_031,capture_031_001,5,1,149.69357299804688,51.64390182495117,156.43043722345658,53.39459061251705,6.736864225409704,1.7506887875658776,6.9606214393913115,0.32128268162635853
training,capture_031,pose_031,capture_031_001,5,2,155.6721954345703,109.75931549072266,161.95329644221385,117.01930030194225,6.281101007643542,7.259984811219596,9.5999796524451,0.3090086180077023
training,capture_031,pose_031,capture_031_001,5,3,56.46437454223633,99.7706069946289,56.75738971267708,105.09954336891911,0.29301517044075354,5.328936374290208,5.336986113092453,0.2927466488785854
training,capture_032,pose_032,capture_032_003,3,0,553.6588745117188,234.5535888671875,556.8725031620305,241.60388894955386,3.2136286503117617,7.050300082366363,7.748170129360851,0.34656468950516317
training,capture_032,pose_032,capture_032_003,3,1,487.3196105957031,197.05335998535156,488.07581627230354,201.2012246462817,0.7562056766004162,4.147864660930139,4.21623389658541,0.3348333702943333
training,capture_032,pose_032,capture_032_003,3,2,518.2461547851562,160.74005126953125,522.7325792496011,163.4438476479673,4.4864244644448945,2.7037963784360386,5.238179009084502,0.311096729377935
training,capture_032,pose_032,capture_032_003,3,3,590.1512451171875,202.48171997070312,595.328293853927,208.18928013043603,5.1770487367394935,5.707560159732907,7.705717137265442,0.3228280485887648
training,capture_032,pose_032,capture_032_003,5,0,552.1729736328125,81.66862487792969,558.6863685810442,84.15100633716986,6.513394948231735,2.482381459240173,6.970403966832199,0.3235963319286049
training,capture_032,pose_032,capture_032_003,5,1,619.1155395507812,123.76273345947266,627.318190096311,130.00254954239455,8.202650545529764,6.239816082921891,10.306249595307229,0.33532765113943475
training,capture_032,pose_032,capture_032_003,5,2,600.3514404296875,183.28025817871094,606.026039699093,191.37918478663875,5.674599269405462,8.098926607927808,9.889069171005836,0.3212227573936607
training,capture_032,pose_032,capture_032_003,5,3,529.8799438476562,141.0133819580078,533.4592803703702,145.76447448243954,3.579336522713902,4.751092524431726,5.948489734255635,0.30949143818283087
training,capture_033,pose_033,capture_033_000,3,0,486.5948181152344,471.3722839355469,485.03861176684654,474.3826552935936,-1.556206348387832,3.0103713580467115,3.388821906225022,0.47363268273870945
training,capture_033,pose_033,capture_033_000,3,1,434.8636779785156,453.24310302734375,430.7400922971061,454.4370174790042,-4.123585681409509,1.1939144516604756,4.2929466092428,0.47212990245487374
training,capture_033,pose_033,capture_033_000,3,2,440.14959716796875,422.2311096191406,436.76792021736713,420.4457007232127,-3.3816769506016158,-1.785408895927901,3.824058567005575,0.4504187719467493
training,capture_033,pose_033,capture_033_000,3,3,494.2225036621094,440.4041748046875,493.65499457208387,441.46259487402466,-0.56750909002551,1.05842006933716,1.2009661154409232,0.451921552230585
training,capture_033,pose_033,capture_033_000,5,0,465.4702453613281,368.20318603515625,463.84702737842855,365.6677476968947,-1.6232179828995754,-2.5354383382615424,3.010528888274454,0.4708903903582684
training,capture_033,pose_033,capture_033_000,5,1,516.4176635742188,386.081298828125,518.1827006926841,385.94811424511477,1.7650371184653295,-0.13318458301023384,1.770054847373946,0.47239317064210407
training,capture_033,pose_033,capture_033_000,5,2,498.9042053222656,425.58050537109375,498.6096669879578,428.23872291278894,-0.2945383343078447,2.658217541695194,2.6744856195823674,0.4517444790739271
training,capture_033,pose_033,capture_033_000,5,3,445.63519287109375,407.21197509765625,441.71675712352106,407.1694255707285,-3.918435747572687,-0.0425495269277576,3.9186667592559203,0.45024169879009135
training,capture_034,pose_034,capture_034_004,3,0,798.9081420898438,620.8863525390625,795.2060428739165,623.1295840501953,-3.7020992159272055,2.2432315111327625,4.328697981738597,0.44005661463300083
training,capture_034,pose_034,capture_034_004,3,1,762.7745361328125,570.138916015625,759.5278795533752,570.4391677574209,-3.2466565794372855,0.3002517417959325,3.260510704361344,0.4468561973639907
training,capture_034,pose_034,capture_034_004,3,2,787.6345825195312,553.2095947265625,787.4941066263674,552.3780127121868,-0.14047589316385256,-0.8315820143757264,0.843363577108576,0.4222762394299161
training,capture_034,pose_034,capture_034_004,3,3,826.5262451171875,606.2494506835938,825.7407088977731,607.8900553927642,-0.7855362194144391,1.640604709170475,1.8189697533945606,0.41547665669892625
training,capture_034,pose_034,capture_034_004,5,0,840.802978515625,515.1596069335938,841.9404474462408,514.3224134132083,1.1374689306157961,-0.8371935203854264,1.4123485967322609,0.4366111165986387
training,capture_034,pose_034,capture_034_004,5,1,878.5889282226562,565.457763671875,879.7728031634067,567.3810074868286,1.1838749407504565,1.9232438149535938,2.258412417406119,0.42981153386764887
training,capture_034,pose_034,capture_034_004,5,2,840.2496948242188,596.6795654296875,838.3906196648397,599.5681955510884,-1.8590751593790174,2.8886301214008654,3.435162940310765,0.4140130737324474
training,capture_034,pose_034,capture_034_004,5,3,801.9467163085938,543.6763305664062,799.8065960059603,543.997548868816,-2.140120302633477,0.32121830240976124,2.164092444316327,0.42081265646343724
training,capture_035,pose_035,capture_035_003,5,0,542.3699951171875,180.17745971679688,544.2440374526723,175.76129868838933,1.8740423354847735,-4.416161028407544,4.797344359540474,0.2505847465183832
training,capture_035,pose_035,capture_035_003,5,1,634.759765625,219.56724548339844,640.5906162890897,218.25877532540756,5.830850664089667,-1.3084701579908824,5.975860910468683,0.2602042859774407
training,capture_035,pose_035,capture_035_003,5,2,599.4312133789062,312.3575439453125,602.1564776593049,315.39584086320764,2.725264280398619,3.0382969178951384,4.0814597338829275,0.2614645236670091
training,capture_035,pose_035,capture_035_003,5,3,506.1097717285156,276.6612243652344,504.8239783607653,276.8212962621581,-1.2857933677503297,0.16007189692373913,1.2957189497477835,0.2518449842079516
training,capture_036,pose_036,capture_036_001,1,0,223.02244567871094,233.30203247070312,221.2514718526147,232.78815296646616,-1.770973826096224,-0.5138795042369679,1.8440228950836621,0.3022187555014185
training,capture_036,pose_036,capture_036_001,1,1,218.0183868408203,319.4330749511719,214.72745141935565,322.3917565599743,-3.290935421464667,2.958681608802408,4.425387306272348,0.30360491056111566
training,capture_036,pose_036,capture_036_001,1,2,141.1353759765625,314.60845947265625,134.05623330627748,318.47836517929574,-7.079142670285023,3.8699057066394857,8.067864099284954,0.2757311018554484
training,capture_036,pose_036,capture_036_001,1,3,147.35452270507812,220.4935302734375,140.83550349429618,219.7511443936318,-6.5190192107819485,-0.7423858798057097,6.561154491785649,0.2743449467957513
training,capture_036,pose_036,capture_036_001,5,0,56.86149978637695,214.55589294433594,46.075851991921695,212.39022612882943,-10.785647794455258,-2.165666815506512,11.000923193160823,0.2825395036389884
training,capture_036,pose_036,capture_036_001,5,1,117.51140594482422,217.56349182128906,113.96350467060086,216.5840656007905,-3.5479012742233635,-0.9794262204985671,3.680608532978735,0.2715336251011184
training,capture_036,pose_036,capture_036_001,5,2,111.50499725341797,311.2237243652344,107.25088427897845,316.3443519992602,-4.254112974439522,5.120627634025823,6.657199453647425,0.27291978016081553
training,capture_036,pose_036,capture_036_001,5,3,51.930294036865234,305.0101318359375,39.95486920967369,308.30395533973586,-11.975424827191546,3.2938235037983645,12.420147868116958,0.2839256586986855
training,capture_037,pose_037,capture_037_001,1,0,310.9206237792969,200.521484375,312.6714978546808,199.4278427261637,1.7508740753839334,-1.0936416488362966,2.0643672357216185,0.22689832269901067
training,capture_037,pose_037,capture_037_001,1,1,283.8863220214844,308.12359619140625,282.650543352831,311.41401005816624,-1.2357786686533814,3.290413866759991,3.5148218066447066,0.23280287452487852
training,capture_037,pose_037,capture_037_001,1,2,216.9781494140625,321.58673095703125,215.72518523152536,326.1933256602345,-1.2529641825371414,4.606594703203257,4.7739537075993175,0.20340949155887453
training,capture_037,pose_037,capture_037_001,1,3,248.33470153808594,197.58657836914062,248.21318267338722,197.98281947021113,-0.12151886469871442,0.39624110107050114,0.4144560829029145,0.1975049397330067
training,capture_037,pose_037,capture_037_001,5,0,91.25850677490234,146.2734832763672,84.9037225793436,142.51619365862913,-6.35478419555875,-3.757289617738053,7.382445898459767,0.19386545129486704
training,capture_037,pose_037,capture_037_001,5,1,211.5216064453125,189.7802734375,213.91493351240314,189.77168810033817,2.393327067090638,-0.00858533716183274,2.393342465691623,0.1927859581038433
training,capture_037,pose_037,capture_037_001,5,2,181.62423706054688,315.9241943359375,181.6745851738047,321.2712596530209,0.050348113257825844,5.347065317083377,5.347302351435215,0.1986905099297111
training,capture_037,pose_037,capture_037_001,5,3,65.51681518554688,271.86065673828125,56.65074274020162,274.70190237771857,-8.866072445345253,2.841245639437318,9.31020501330298,0.19977000312073484
training,capture_038,pose_038,capture_038_003,3,0,769.0,411.0,768.3777042807578,409.85815817084176,-0.6222957192421745,-1.1418418291582384,1.3004056001888669,0.29968080400655184
training,capture_038,pose_038,capture_038_003,3,1,711.0,344.0,713.3302242953778,342.69082728314436,2.330224295377775,-1.3091727168556417,2.6728034849812716,0.29166205134986795
training,capture_038,pose_038,capture_038_003,3,2,754.6065063476562,350.8816223144531,755.4325753368411,344.7570662712825,0.8260689891848187,-6.124556043170628,6.180014296167177,0.2635447105814158
training,capture_038,pose_038,capture_038_003,3,3,813.8358154296875,419.3238830566406,814.9364000730834,418.81780634363145,1.100584643395905,-0.506076713009179,1.211362950039775,0.27156346323809966
training,capture_038,pose_038,capture_038_003,5,0,840.1676635742188,273.0339050292969,843.2360577105802,265.219130357891,3.068394136361462,-7.814774671405871,8.395578940186564,0.26669469748376373
training,capture_038,pose_038,capture_038_003,5,1,895.1748657226562,343.68914794921875,899.4946439058865,340.75233081941917,4.319778183230255,-2.9368171297995787,5.2235407920486585,0.2747134501404476
training,capture_038,pose_038,capture_038_003,5,2,833.6054077148438,409.71246337890625,834.7564919471574,408.8173624884471,1.1510842323136785,-0.8951008904591617,1.4581496884689016,0.2679966984000848
training,capture_038,pose_038,capture_038_003,5,3,775.6453857421875,338.477294921875,775.0476354522661,333.43209341301485,-0.5977502899213505,-5.045201508860146,5.080488527110926,0.25997794574340094
training,capture_039,pose_039,capture_039_004,3,0,643.9532470703125,621.2371826171875,642.2615638957693,620.7317339346669,-1.6916831745431864,-0.5054486825206368,1.7655793195703104,0.48196642310519
training,capture_039,pose_039,capture_039_004,3,1,613.5067749023438,576.474609375,610.6906176187973,573.7156263331716,-2.8161572835464312,-2.758983041828401,3.9424268250366183,0.49026901764117864
training,capture_039,pose_039,capture_039_004,3,2,644.9754638671875,548.471923828125,645.0217452804475,543.806201412115,0.046281413259976034,-4.665722416009999,4.665951953510829,0.47635296744615363
training,capture_039,pose_039,capture_039_004,3,3,677.0897827148438,593.436279296875,678.1403461432469,591.6896359273973,1.0505634284031657,-1.746643369477738,2.0382459560216866,0.46805037291016505
training,capture_039,pose_039,capture_039_004,5,0,682.7207641601562,526.6624755859375,684.5183582407541,522.8447766760889,1.7975940805978325,-3.817698909848559,4.219735707939449,0.5034884466484194
training,capture_039,pose_039,capture_039_004,5,1,713.6122436523438,568.704833984375,716.4843317828588,567.7528148919473,2.872088130515067,-0.9520190924276903,3.025761157426735,0.4951858521124307
training,capture_039,pose_039,capture_039_004,5,2,689.5606689453125,584.3396606445312,689.1690657192987,583.8313215606989,-0.3916032260137854,-0.5083390838323112,0.6416866141473401,0.4699388627683423
training,capture_039,pose_039,capture_039_004,5,3,657.620361328125,539.5205078125,655.9897782627265,536.2733957941925,-1.6305830653984685,-3.2471120183074618,3.6335296328227495,0.47824145730433093
holdout,capture_008,pose_008,capture_008_000,1,0,846.2968139648438,336.43994140625,855.9194653131096,336.5677318975444,9.62265134826589,0.1277904912943768,9.623499850883181,0.2855109016809405
holdout,capture_008,pose_008,capture_008_000,1,1,783.4879760742188,401.95269775390625,789.7415850768325,404.7825242514763,6.253609002613757,2.829826497570025,6.864076308136534,0.28510842524406055
holdout,capture_008,pose_008,capture_008_000,1,2,736.7206420898438,349.5184020996094,741.2023394229408,349.79798424328044,4.481697333097031,0.27958214367106393,4.490409464686795,0.2671438749655958
holdout,capture_008,pose_008,capture_008_000,1,3,803.4243774414062,278.9653015136719,811.89678941669,277.08558585240024,8.472411975283762,-1.8797156612716321,8.678427026031938,0.26754635140247585
holdout,capture_008,pose_008,capture_008_000,5,0,736.5458984375,237.1094512939453,742.1802976992705,231.76771546224128,5.634399261770454,-5.341735831704028,7.764058007044394,0.292579297406229
holdout,capture_008,pose_008,capture_008_000,5,1,784.8975830078125,262.82086181640625,794.360387830447,260.9985669881062,9.462804822634553,-1.8222948283000733,9.636671290052647,0.26855612222037417
holdout,capture_008,pose_008,capture_008_000,5,2,718.2611694335938,331.8176574707031,723.9058271881067,333.413011182639,5.644657754512991,1.5953537119358998,5.865774853484516,0.26815364578349415
holdout,capture_008,pose_008,capture_008_000,5,3,675.5737915039062,300.5766906738281,677.446728169968,298.1878798845796,1.8729366660617188,-2.3888107892485095,3.035507987455884,0.29217682096934894
holdout,capture_013,pose_013,capture_013_002,3,0,140.15707397460938,384.5840148925781,139.0307771657467,388.2205136610945,-1.1262968088626621,3.6364987685163896,3.8069236655172682,0.3680401073484064
holdout,capture_013,pose_013,capture_013_002,3,1,61.81711196899414,396.7239074707031,55.39107906401978,400.22881760101785,-6.426032904974363,3.5049101303147268,7.319719524503384,0.35957141316389396
holdout,capture_013,pose_013,capture_013_002,3,2,29.28847885131836,363.13568115234375,23.756849274828937,366.5643490311819,-5.531629576489422,3.428667878838155,6.508048032618465,0.3332899947986959
holdout,capture_013,pose_013,capture_013_002,3,3,115.25555419921875,351.5859375,114.61237127538516,354.4667974101236,-0.6431829238335922,2.880859910123604,2.951785577454519,0.3417586889832084
holdout,capture_013,pose_013,capture_013_002,5,0,23.533910751342773,279.1424865722656,19.36748515592535,279.055919520249,-4.166425595417422,-0.08656705201661907,4.167324812951862,0.3425935333756571
holdout,capture_013,pose_013,capture_013_002,5,1,107.65532684326172,269.0200500488281,107.92111988968304,269.3899372885294,0.2657930464213223,0.3698872397012565,0.4554805304507998,0.35106222756016947
holdout,capture_013,pose_013,capture_013_002,5,2,111.1138916015625,333.93634033203125,109.83998836596925,336.66298026378354,-1.2739032355932522,2.7266399317522882,3.0095505928761326,0.3393332775848888
holdout,capture_013,pose_013,capture_013_002,5,3,23.93026351928711,346.123046875,18.196295363936997,348.39351302205574,-5.733968155350112,2.2704661470557426,6.167123100076349,0.3308645834003764
holdout,capture_017,pose_017,capture_017_002,0,0,892.4140625,492.7725830078125,889.5342602841486,492.9042040343106,-2.8798022158514414,0.13162102649812368,2.882808508562317,0.3480824970518765
holdout,capture_017,pose_017,capture_017_002,0,1,954.6853637695312,460.5704345703125,955.3024019864599,459.8516264353169,0.6170382169286768,-0.7188081349955837,0.9473232268272271,0.35306470556595865
holdout,capture_017,pose_017,capture_017_002,0,2,994.3239135742188,465.48419189453125,997.3202892606532,466.11218530000514,2.996375686434476,0.6279934054738874,3.061477253153184,0.32351572975611254
holdout,capture_017,pose_017,capture_017_002,0,3,925.1513061523438,501.337158203125,926.1083269339456,502.328829342224,0.957020781601841,0.9916711390990258,1.3781510891552342,0.3185335212420304
holdout,capture_017,pose_017,capture_017_002,3,0,915.9987182617188,579.0899658203125,914.073257641129,580.8401861829966,-1.9254606205897744,1.7502203626841037,2.602051098536698,0.3489166752728805
holdout,capture_017,pose_017,capture_017_002,3,1,877.661376953125,501.7613220214844,883.5080447164069,510.31561513301745,5.846667763281857,8.55429311153307,10.361440757550149,0.3474899212957225
holdout,capture_017,pose_017,capture_017_002,3,2,919.8870239257812,521.8805541992188,919.590209976792,521.3759975751511,-0.296813948989211,-0.504556624067618,0.5853852639117947,0.31794094548587637
holdout,capture_017,pose_017,capture_017_002,3,3,954.2667236328125,595.3411865234375,952.8222247289301,598.3763280798112,-1.4444989038823906,3.0351415563736737,3.361348144799023,0.3193676994630344
holdout,capture_017,pose_017,capture_017_002,5,0,1008.6996459960938,481.2420349121094,1010.5653139257124,480.16395733085227,1.8656679296186667,-1.078077581257105,2.1547547644260523,0.31882869278399784
holdout,capture_017,pose_017,capture_017_002,5,1,1041.635986328125,554.2421264648438,1043.299910993624,557.1344448051088,1.663924665499053,2.892318340265092,3.336787478082767,0.32025544676115586
holdout,capture_017,pose_017,capture_017_002,5,2,974.2003173828125,592.0878295898438,972.0781441971297,595.1640190794035,-2.1221731856827546,3.076189489559738,3.7371862150164117,0.3152732382470737
holdout,capture_017,pose_017,capture_017_002,5,3,939.3963012695312,517.2998657226562,938.5001203568274,517.1445341233124,-0.8961809127038123,-0.1553315993438673,0.9095428159517075,0.3138464842699157
holdout,capture_018,pose_018,capture_018_004,3,0,826.5577392578125,376.3605651855469,824.268661094484,382.60644815765727,-2.289078163328554,6.245882972110394,6.652137471454284,0.3445845564609555
holdout,capture_018,pose_018,capture_018_004,3,1,779.0,309.0,780.7597205581066,319.3085163250477,1.759720558106551,10.30851632504772,10.457634783563545,0.3388306835664911
holdout,capture_018,pose_018,capture_018_004,3,2,812.7249145507812,317.49237060546875,812.7344017514492,320.7329802363888,0.009487200667990692,3.240609630920062,3.2406235182428054,0.30968721341193234
holdout,capture_018,pose_018,capture_018_004,3,3,859.6097412109375,382.2620849609375,859.6798738799666,389.85299829253,0.07013266902913529,7.590913331592503,7.591237303563495,0.3154410863063967
holdout,capture_018,pose_018,capture_018_004,5,0,894.4407958984375,255.9665069580078,896.1595621307682,259.72698402783,1.7187662323307222,3.760477069822173,4.134651757289688,0.30971760474167276
holdout,capture_018,pose_018,capture_018_004,5,1,939.9714965820312,322.689697265625,941.5789232208053,329.95302948568235,1.6074266387740863,7.26333222005735,7.439073553740666,0.31547147763613714
holdout,capture_018,pose_018,capture_018_004,5,2,877.629150390625,374.2698059082031,877.1371551478115,382.3266678030309,-0.4919952428134593,8.056861894827762,8.071869852226229,0.3112820750457084
holdout,capture_018,pose_018,capture_018_004,5,3,830.4929809570312,307.72991943359375,829.8814014509962,312.1240116136379,-0.6115795060350138,4.39409218004414,4.436448532207614,0.305528202151244
holdout,capture_019,pose_019,capture_019_003,3,0,905.5419311523438,618.6066284179688,902.0473251260464,617.977556859611,-3.4946060262973333,-0.6290715583577366,3.550774887903804,0.3695293618847696
holdout,capture_019,pose_019,capture_019_003,3,1,876.88818359375,549.15283203125,875.769014388112,546.9375525903533,-1.1191692056379452,-2.2152794408966656,2.48193527556778,0.37441891915448267
holdout,capture_019,pose_019,capture_019_003,3,2,906.8228759765625,546.614990234375,907.0029852776396,544.3444207700887,0.18010930107709555,-2.270569464286268,2.2777017040173875,0.34556614024522736
holdout,capture_019,pose_019,capture_019_003,3,3,937.6747436523438,621.505859375,935.9551592183193,621.3637684170415,-1.7195844340244548,-0.1420909579585441,1.7254450052298917,0.3406765829755143
holdout,capture_019,pose_019,capture_019_003,5,0,990.372314453125,516.7103271484375,991.9772514303272,514.6168815417603,1.6049369772022146,-2.0934456066771645,2.6378660331614463,0.3484617068226966
holdout,capture_019,pose_019,capture_019_003,5,1,1020.7114868164062,589.1171875,1021.8947352601502,590.5640551056599,1.1832484437439916,1.446867605659918,1.8690914231065965,0.34357214955298354
holdout,capture_019,pose_019,capture_019_003,5,2,956.2316284179688,616.7061157226562,953.7848870190342,617.4080694591611,-2.4467413989345914,0.7019537365048336,2.5454434822744543,0.3369684097852591
holdout,capture_019,pose_019,capture_019_003,5,3,924.9278564453125,541.7269287109375,924.2636488202729,539.6098619079833,-0.6642076250395803,-2.117066802954241,2.2188158141972063,0.3418579670549722
holdout,capture_021,pose_021,capture_021_002,3,0,1000.3795166015625,491.4128723144531,1000.2034365915866,498.71699752984773,-0.1760800099758626,7.304125215394606,7.306247281065459,0.27603977873613084
holdout,capture_021,pose_021,capture_021_002,3,1,939.9365234375,412.9045104980469,941.4419982734595,417.322366062671,1.5054748359594896,4.417855564624119,4.667322816303534,0.285186674407373
holdout,capture_021,pose_021,capture_021_002,3,2,1005.5809326171875,362.02764892578125,1009.7778493472288,365.80384715332076,4.196916730041266,3.77619822753951,5.6456871231562955,0.26347962750802545
holdout,capture_021,pose_021,capture_021_002,3,3,1073.1531982421875,445.072021484375,1076.012168501794,452.29260298135205,2.8589702596063944,7.220581496977047,7.76598403937332,0.2543327318367833
holdout,capture_021,pose_021,capture_021_002,5,0,1073.0234375,327.2861633300781,1078.316563741253,331.4457189357485,5.293126241253049,4.159555605670391,6.731945353499656,0.28153600447164784
holdout,capture_021,pose_021,capture_021_002,5,1,1136.370361328125,402.77667236328125,1142.4618296033184,411.04747476266914,6.091468275193392,8.27080239938789,10.271911120984646,0.27238910880040573
holdout,capture_021,pose_021,capture_021_002,5,2,1096.4678955078125,429.3345642089844,1097.9780956993204,438.75627440291885,1.51020019150792,9.421710193934473,9.541977132487759,0.25381120756025116
holdout,capture_021,pose_021,capture_021_002,5,3,1029.50146484375,347.5941467285156,1030.848337891666,352.5668415411699,1.3468730479160058,4.972694812654254,5.151869632182192,0.26295810323149327
holdout,capture_026,pose_026,capture_026_006,3,0,413.4532470703125,449.5277404785156,411.96377990352653,453.0346961957372,-1.4894671667859711,3.506955717221558,3.810151026335623,0.4760301265322757
holdout,capture_026,pose_026,capture_026_006,3,1,358.1618957519531,446.9278259277344,355.5289087556414,449.4904201431702,-2.632986996311729,2.5625942154358086,3.6741678834440497,0.4768416055603836
holdout,capture_026,pose_026,capture_026_006,3,2,348.9808044433594,404.3157958984375,346.208697261678,404.460282634292,-2.772107181681349,0.14448673585451388,2.77587006964793,0.45941226511167776
holdout,capture_026,pose_026,capture_026_006,3,3,406.03631591796875,406.8226318359375,404.771910653775,408.05958123044985,-1.2644052641937265,1.2369493945123509,1.7688313873021584,0.4586007860835699
holdout,capture_026,pose_026,capture_026_006,5,0,367.5645446777344,358.1847839355469,366.36481005227284,357.15753739374344,-1.1997346254615309,-1.0272465418034358,1.579429843069466,0.48497881300168755
holdout,capture_026,pose_026,capture_026_006,5,1,421.2085266113281,360.22174072265625,421.86936410688355,360.4874935198229,0.6608374955554268,0.26575279716666955,0.7122715386240543,0.4841673339735797
holdout,capture_026,pose_026,capture_026_006,5,2,407.6837463378906,392.0484313964844,406.28029011008414,394.25049855951886,-1.4034562278064868,2.202067163034485,2.6112811365082003,0.45976324428947046
holdout,capture_026,pose_026,capture_026_006,5,3,349.743896484375,390.0146789550781,347.862228560439,390.6846143354365,-1.8816679239359928,0.6699353803583676,1.9973701684528835,0.4605747233175783
holdout,capture_030,pose_030,capture_030_005,3,0,589.0,255.0,593.0358143483996,262.76633836451475,4.03581434839964,7.766338364514752,8.752360198648253,0.3670987985446409
holdout,capture_030,pose_030,capture_030_005,3,1,529.4645385742188,217.47982788085938,531.8490100579721,221.18374844292453,2.384471483753373,3.70392056206515,4.405080224799774,0.35546770208639356
holdout,capture_030,pose_030,capture_030_005,3,2,564.8151245117188,182.90634155273438,570.7232989293249,185.88484855464466,5.908174417606119,2.9785070019102875,6.616496724799614,0.33278787532523735
holdout,capture_030,pose_030,capture_030_005,3,3,627.6127319335938,224.2083282470703,634.6264330227324,231.39768319580705,7.013701089138635,7.189354948736735,10.04384525700739,0.3444189717834847
holdout,capture_030,pose_030,capture_030_005,5,0,597.792724609375,112.65599060058594,605.1474502251834,115.71773936896301,7.354725615808434,3.061748768377072,7.966573567380601,0.347467175890013
holdout,capture_030,pose_030,capture_030_005,5,1,656.07080078125,154.5369415283203,665.3233485180642,161.64278383479103,9.252547736814222,7.10584230647072,11.666303377953751,0.3590982723482604
holdout,capture_030,pose_030,capture_030_005,5,2,638.66552734375,206.97886657714844,645.5676799843337,216.181166345301,6.902152640583722,9.202299768152557,11.503131403963767,0.3432760394697161
holdout,capture_030,pose_030,capture_030_005,5,3,576.8401489257812,164.70864868164062,581.8280392383149,169.97782557861203,4.9878903125336365,5.269176896971402,7.255568547084652,0.3316449430114687
